{"cameraMode":{"drawMode":0,"name":"Shaded","section":"Shading Mode"},"sceneLighting":true,"audioPlay":false,"sceneViewState":{"showFog":true,"showMaterialUpdate":false,"showSkybox":true,"showFlares":true,"showImageEffects":true,"showParticleSystems":true},"in2DMode":false,"pivot":{"x":-1.5590587854385377,"y":1.0659494400024415,"z":-6.604671001434326},"rotation":{"x":-0.005269774701446295,"y":0.9823528528213501,"z":-0.18485432863235475,"w":-0.028004638850688936},"size":6.582849025726318,"orthographic":false}